"1","0","pred","obs","Decile","Ventile","Charged_off"
0.7774,0.2226,"1","1",1,1,1
0.7446,0.2554,"1","1",1,1,1
0.0725,0.9275,"0","0",10,20,0
0.5165,0.4835,"1","0",3,5,0
0.2149,0.7851,"0","1",9,18,1
0.1783,0.8217,"0","0",9,18,0
0.3806,0.6194,"0","0",6,12,0
0.5469,0.4531,"1","1",2,4,1
0.4161,0.5839,"0","0",5,10,0
0.5012,0.4988,"1","1",3,6,1
0.4772,0.5228,"0","1",4,7,1
0.5505,0.4495,"1","1",2,4,1
0.4268,0.5732,"0","0",5,9,0
0.5342,0.4658,"1","0",2,4,0
0.3721,0.6279,"0","0",6,12,0
0.3113,0.6887,"0","0",8,15,0
0.4732,0.5268,"0","0",4,7,0
0.3537,0.6463,"0","0",7,13,0
0.4181,0.5819,"0","0",5,10,0
0.3212,0.6788,"0","0",7,14,0
0.5214,0.4786,"1","1",3,5,1
0.2353,0.7647,"0","0",9,17,0
0.5378,0.4622,"1","1",2,4,1
0.2373,0.7627,"0","1",9,17,1
0.3639,0.6361,"0","1",7,13,1
0.5943,0.4057,"1","1",2,3,1
0.4369,0.5631,"0","0",5,9,0
0.4638,0.5362,"0","0",4,7,0
0.2932,0.7068,"0","0",8,15,0
0.4279,0.5721,"0","0",5,9,0
0.4153,0.5847,"0","1",5,10,1
0.743,0.257,"1","0",1,1,0
0.4189,0.5811,"0","0",5,10,0
0.3679,0.6321,"0","1",7,13,1
0.3326,0.6674,"0","1",7,14,1
0.2533,0.7467,"0","1",8,16,1
0.1981,0.8019,"0","0",9,18,0
0.4627,0.5373,"0","0",4,7,0
0.9415,0.0585,"1","1",1,1,1
0.1482,0.8518,"0","0",10,19,0
0.4059,0.5941,"0","0",6,11,0
0.1844,0.8156,"0","0",9,18,0
0.5442,0.4558,"1","1",2,4,1
0.4404,0.5596,"0","0",4,8,0
0.4005,0.5995,"0","0",6,11,0
0.8104,0.1896,"1","1",1,1,1
0.4081,0.5919,"0","0",5,10,0
0.3095,0.6905,"0","0",8,15,0
0.5194,0.4806,"1","0",3,5,0
0.2139,0.7861,"0","1",9,18,1
0.4378,0.5622,"0","0",5,9,0
0.1828,0.8172,"0","0",9,18,0
0.4818,0.5182,"0","0",3,6,0
0.5727,0.4273,"1","1",2,3,1
0.4269,0.5731,"0","0",5,9,0
0.5755,0.4245,"1","1",2,3,1
0.4566,0.5434,"0","0",4,8,0
0.3145,0.6855,"0","0",8,15,0
0.4097,0.5903,"0","1",5,10,1
0.5277,0.4723,"1","0",3,5,0
0.4669,0.5331,"0","1",4,7,1
0.5372,0.4628,"1","0",2,4,0
0.2104,0.7896,"0","0",9,18,0
0.3979,0.6021,"0","1",6,11,1
0.4318,0.5682,"0","1",5,9,1
0,1,"0","0",10,20,0
0.296,0.704,"0","0",8,15,0
0.3306,0.6694,"0","0",7,14,0
0.467,0.533,"0","0",4,7,0
0.6092,0.3908,"1","0",1,2,0
0.6974,0.3026,"1","0",1,2,0
0.2658,0.7342,"0","0",8,16,0
0.6099,0.3901,"1","0",1,2,0
0.6004,0.3996,"1","0",1,2,0
0.3613,0.6387,"0","0",7,13,0
0.377,0.623,"0","0",6,12,0
0.4828,0.5172,"0","0",3,6,0
0.5013,0.4987,"1","1",3,6,1
0.5342,0.4658,"1","1",2,4,1
0.2041,0.7959,"0","0",9,18,0
0.1047,0.8953,"0","0",10,19,0
0.4082,0.5918,"0","0",5,10,0
0.3807,0.6193,"0","1",6,12,1
0.416,0.584,"0","0",5,10,0
0.2483,0.7517,"0","0",9,17,0
0.3906,0.6094,"0","0",6,11,0
0.1627,0.8373,"0","0",10,19,0
0.5047,0.4953,"1","0",3,6,0
0.4218,0.5782,"0","0",5,9,0
0.475,0.525,"0","0",4,7,0
0.3359,0.6641,"0","0",7,14,0
0.4612,0.5388,"0","1",4,8,1
0.2835,0.7165,"0","1",8,16,1
0.5541,0.4459,"1","1",2,4,1
0.5408,0.4592,"1","1",2,4,1
0.1448,0.8552,"0","0",10,19,0
0.5145,0.4855,"1","1",3,5,1
0.3709,0.6291,"0","0",6,12,0
0.4777,0.5223,"0","1",4,7,1
0.2439,0.7561,"0","0",9,17,0
0.5273,0.4727,"1","1",3,5,1
0.7571,0.2429,"1","1",1,1,1
0.3308,0.6692,"0","0",7,14,0
0.4697,0.5303,"0","0",4,7,0
0.2673,0.7327,"0","1",8,16,1
0.4527,0.5473,"0","0",4,8,0
0.4367,0.5633,"0","0",5,9,0
0.4627,0.5373,"0","0",4,7,0
0.406,0.594,"0","0",5,10,0
0.5276,0.4724,"1","0",3,5,0
0.4122,0.5878,"0","0",5,10,0
0.4123,0.5877,"0","1",5,10,1
0.4041,0.5959,"0","0",6,11,0
0.6596,0.3404,"1","0",1,2,0
0.5302,0.4698,"1","0",3,5,0
0.0952,0.9048,"0","0",10,19,0
0.7073,0.2927,"1","1",1,2,1
0.8363,0.1637,"1","1",1,1,1
0.2837,0.7163,"0","0",8,16,0
0.1706,0.8294,"0","0",9,18,0
0.3294,0.6706,"0","0",7,14,0
0.3532,0.6468,"0","1",7,13,1
0.4654,0.5346,"0","0",4,7,0
0.3694,0.6306,"0","1",7,13,1
0.4921,0.5079,"0","0",3,6,0
0.3445,0.6555,"0","1",7,14,1
0.6113,0.3887,"1","1",1,2,1
0.2859,0.7141,"0","0",8,16,0
0.5305,0.4695,"1","1",3,5,1
0.5937,0.4063,"1","0",2,3,0
0.2288,0.7712,"0","0",9,17,0
0.7271,0.2729,"1","0",1,2,0
0.5319,0.4681,"1","1",2,4,1
0.373,0.627,"0","1",6,12,1
0.1951,0.8049,"0","0",9,18,0
0.433,0.567,"0","0",5,9,0
0.5099,0.4901,"1","1",3,5,1
0.5643,0.4357,"1","0",2,3,0
0.4194,0.5806,"0","1",5,10,1
0.1988,0.8012,"0","0",9,18,0
0.2311,0.7689,"0","0",9,17,0
0.5527,0.4473,"1","0",2,4,0
0.4315,0.5685,"0","0",5,9,0
0.3661,0.6339,"0","0",7,13,0
0.6319,0.3681,"1","1",1,2,1
0.2226,0.7774,"0","0",9,17,0
0.4214,0.5786,"0","0",5,9,0
0.1968,0.8032,"0","0",9,18,0
0.1922,0.8078,"0","1",9,18,1
0.272,0.728,"0","0",8,16,0
0.2373,0.7627,"0","0",9,17,0
0.375,0.625,"0","0",6,12,0
0.1612,0.8388,"0","0",10,19,0
0.5133,0.4867,"1","0",3,5,0
0.4251,0.5749,"0","1",5,9,1
0.8486,0.1514,"1","1",1,1,1
0.5287,0.4713,"1","0",3,5,0
0.5601,0.4399,"1","0",2,3,0
0.1996,0.8004,"0","0",9,18,0
0.1958,0.8042,"0","1",9,18,1
0.3809,0.6191,"0","1",6,12,1
0.7365,0.2635,"1","0",1,1,0
0,1,"0","0",10,20,0
0.4049,0.5951,"0","1",6,11,1
0.6365,0.3635,"1","0",1,2,0
0.7537,0.2463,"1","1",1,1,1
0.311,0.689,"0","0",8,15,0
0.3916,0.6084,"0","1",6,11,1
0.8095,0.1905,"1","1",1,1,1
0.395,0.605,"0","1",6,11,1
0.7437,0.2563,"1","0",1,1,0
0.8815,0.1185,"1","1",1,1,1
0.5316,0.4684,"1","1",2,4,1
0.4684,0.5316,"0","1",4,7,1
0.4616,0.5384,"0","0",4,7,0
0.4306,0.5694,"0","1",5,9,1
0.309,0.691,"0","0",8,15,0
0.1608,0.8392,"0","0",10,19,0
0.4021,0.5979,"0","1",6,11,1
0.8326,0.1674,"1","1",1,1,1
0.4238,0.5762,"0","0",5,9,0
0.2802,0.7198,"0","0",8,16,0
0.5704,0.4296,"1","0",2,3,0
0.4204,0.5796,"0","1",5,10,1
0.2089,0.7911,"0","0",9,18,0
0.4923,0.5077,"0","1",3,6,1
0.4989,0.5011,"0","1",3,6,1
0.4046,0.5954,"0","0",6,11,0
0.4849,0.5151,"0","1",3,6,1
0.4203,0.5797,"0","0",5,10,0
0.5237,0.4763,"1","0",3,5,0
0.3454,0.6546,"0","0",7,14,0
0.5705,0.4295,"1","1",2,3,1
0.3884,0.6116,"0","1",6,12,1
0.613,0.387,"1","1",1,2,1
0,1,"0","0",10,20,0
0.7298,0.2702,"1","1",1,1,1
0.1453,0.8547,"0","0",10,19,0
0.6184,0.3816,"1","1",1,2,1
0.5335,0.4665,"1","1",2,4,1
0.2618,0.7382,"0","0",8,16,0
0.4591,0.5409,"0","0",4,8,0
0.1062,0.8938,"0","0",10,19,0
0.3749,0.6251,"0","1",6,12,1
0.2206,0.7794,"0","1",9,17,1
0,1,"0","0",10,20,0
0.4806,0.5194,"0","1",4,7,1
0.4991,0.5009,"0","0",3,6,0
0.4667,0.5333,"0","0",4,7,0
0.3929,0.6071,"0","1",6,11,1
0.4839,0.5161,"0","0",3,6,0
0.4843,0.5157,"0","1",3,6,1
0.5532,0.4468,"1","0",2,4,0
0.175,0.825,"0","0",9,18,0
0.5679,0.4321,"1","0",2,3,0
0.4898,0.5102,"0","0",3,6,0
0.7287,0.2713,"1","1",1,1,1
0.5364,0.4636,"1","0",2,4,0
0.3968,0.6032,"0","1",6,11,1
0.395,0.605,"0","1",6,11,1
0.336,0.664,"0","0",7,14,0
0.6152,0.3848,"1","1",1,2,1
0.4374,0.5626,"0","0",5,9,0
0.3172,0.6828,"0","1",8,15,1
0.5133,0.4867,"1","0",3,5,0
0.5215,0.4785,"1","1",3,5,1
0.5015,0.4985,"1","1",3,6,1
0.4539,0.5461,"0","1",4,8,1
0.4165,0.5835,"0","0",5,10,0
0.6414,0.3586,"1","1",1,2,1
0,1,"0","0",10,20,0
0.3088,0.6912,"0","0",8,15,0
0.3457,0.6543,"0","0",7,14,0
0.4764,0.5236,"0","1",4,7,1
0.2183,0.7817,"0","0",9,17,0
0.5207,0.4793,"1","1",3,5,1
0.2219,0.7781,"0","0",9,17,0
0.4741,0.5259,"0","1",4,7,1
0.2992,0.7008,"0","0",8,15,0
0.6371,0.3629,"1","0",1,2,0
0.4823,0.5177,"0","0",3,6,0
0.413,0.587,"0","0",5,10,0
0.3999,0.6001,"0","0",6,11,0
0.4399,0.5601,"0","1",4,8,1
0.4851,0.5149,"0","1",3,6,1
0.479,0.521,"0","1",4,7,1
0.5097,0.4903,"1","0",3,5,0
0.3676,0.6324,"0","0",7,13,0
0.8798,0.1202,"1","0",1,1,0
0.3678,0.6322,"0","0",7,13,0
0.5615,0.4385,"1","1",2,3,1
0.3526,0.6474,"0","1",7,13,1
0.3283,0.6717,"0","1",7,14,1
0.2516,0.7484,"0","1",9,17,1
0,1,"0","0",10,20,0
0.166,0.834,"0","0",9,18,0
0.3964,0.6036,"0","0",6,11,0
0.8464,0.1536,"1","1",1,1,1
0,1,"0","0",10,20,0
0.6169,0.3831,"1","0",1,2,0
0.5212,0.4788,"1","1",3,5,1
0.3516,0.6484,"0","0",7,13,0
0.5845,0.4155,"1","1",2,3,1
0.4114,0.5886,"0","1",5,10,1
0.4953,0.5047,"0","1",3,6,1
0.4307,0.5693,"0","1",5,9,1
0.223,0.777,"0","0",9,17,0
0.5645,0.4355,"1","0",2,3,0
0.5993,0.4007,"1","1",1,2,1
0.2001,0.7999,"0","0",9,18,0
0.4499,0.5501,"0","1",4,8,1
0.9396,0.0604,"1","1",1,1,1
0.7843,0.2157,"1","1",1,1,1
0.3403,0.6597,"0","1",7,14,1
0.4478,0.5522,"0","1",4,8,1
0.2026,0.7974,"0","0",9,18,0
0.8212,0.1788,"1","0",1,1,0
0,1,"0","0",10,20,0
0.5256,0.4744,"1","1",3,5,1
0.8156,0.1844,"1","1",1,1,1
0.3535,0.6465,"0","1",7,13,1
0.2955,0.7045,"0","1",8,15,1
0.4126,0.5874,"0","1",5,10,1
0.36,0.64,"0","0",7,13,0
0.2539,0.7461,"0","1",8,16,1
0.6264,0.3736,"1","1",1,2,1
0.4789,0.5211,"0","1",4,7,1
0.3465,0.6535,"0","0",7,13,0
0.217,0.783,"0","1",9,17,1
0.4915,0.5085,"0","0",3,6,0
0.1573,0.8427,"0","0",10,19,0
0.1515,0.8485,"0","0",10,19,0
0.5537,0.4463,"1","0",2,4,0
0.5275,0.4725,"1","0",3,5,0
0.6975,0.3025,"1","0",1,2,0
0.5401,0.4599,"1","0",2,4,0
0.2637,0.7363,"0","0",8,16,0
0.7876,0.2124,"1","1",1,1,1
0.3463,0.6537,"0","0",7,14,0
0.6464,0.3536,"1","1",1,2,1
0.4591,0.5409,"0","1",4,8,1
0.2435,0.7565,"0","0",9,17,0
0.4254,0.5746,"0","0",5,9,0
0.2048,0.7952,"0","0",9,18,0
0.8514,0.1486,"1","1",1,1,1
0.2184,0.7816,"0","0",9,17,0
0.4111,0.5889,"0","1",5,10,1
0.4,0.6,"0","0",6,11,0
0.3387,0.6613,"0","0",7,14,0
0.9167,0.0833,"1","1",1,1,1
0.6306,0.3694,"1","1",1,2,1
0.4156,0.5844,"0","1",5,10,1
0.3182,0.6818,"0","1",8,15,1
0.3188,0.6812,"0","1",8,15,1
0.3647,0.6353,"0","1",7,13,1
0.3705,0.6295,"0","0",6,12,0
0.1324,0.8676,"0","1",10,19,1
0.5144,0.4856,"1","1",3,5,1
0.3858,0.6142,"0","0",6,12,0
0.601,0.399,"1","0",1,2,0
0.8365,0.1635,"1","1",1,1,1
0.2561,0.7439,"0","0",8,16,0
0.9324,0.0676,"1","1",1,1,1
0.3559,0.6441,"0","0",7,13,0
0.2757,0.7243,"0","1",8,16,1
0.9268,0.0732,"1","1",1,1,1
0,1,"0","0",10,20,0
0.4549,0.5451,"0","1",4,8,1
0.4803,0.5197,"0","0",4,7,0
0.6142,0.3858,"1","1",1,2,1
0.476,0.524,"0","1",4,7,1
0.5387,0.4613,"1","0",2,4,0
0.1373,0.8627,"0","0",10,19,0
0.5159,0.4841,"1","0",3,5,0
0.2918,0.7082,"0","0",8,15,0
0.5554,0.4446,"1","0",2,4,0
0.4615,0.5385,"0","0",4,7,0
0.4237,0.5763,"0","0",5,9,0
0.3899,0.6101,"0","1",6,11,1
0.4791,0.5209,"0","0",4,7,0
0.3651,0.6349,"0","0",7,13,0
0.4045,0.5955,"0","1",6,11,1
0.3838,0.6162,"0","1",6,12,1
0.3165,0.6835,"0","0",8,15,0
0.4937,0.5063,"0","0",3,6,0
0.5596,0.4404,"1","1",2,3,1
0.8976,0.1024,"1","1",1,1,1
0.5819,0.4181,"1","0",2,3,0
0.5353,0.4647,"1","1",2,4,1
0.2918,0.7082,"0","0",8,15,0
0.1341,0.8659,"0","0",10,19,0
0.3358,0.6642,"0","0",7,14,0
0.7036,0.2964,"1","0",1,2,0
0.2551,0.7449,"0","0",8,16,0
0.4992,0.5008,"0","1",3,6,1
0.5521,0.4479,"1","0",2,4,0
0.5223,0.4777,"1","1",3,5,1
0.515,0.485,"1","0",3,5,0
0.3439,0.6561,"0","0",7,14,0
0.3813,0.6187,"0","1",6,12,1
0.2255,0.7745,"0","1",9,17,1
0.5547,0.4453,"1","1",2,4,1
0.8567,0.1433,"1","1",1,1,1
0.417,0.583,"0","0",5,10,0
0.6225,0.3775,"1","1",1,2,1
0.8443,0.1557,"1","1",1,1,1
0.3539,0.6461,"0","1",7,13,1
0.6915,0.3085,"1","0",1,2,0
0.416,0.584,"0","0",5,10,0
0.4415,0.5585,"0","0",4,8,0
0.4356,0.5644,"0","0",5,9,0
0.5163,0.4837,"1","1",3,5,1
0.3322,0.6678,"0","0",7,14,0
0,1,"0","0",10,20,0
0.4387,0.5613,"0","0",5,9,0
0.2075,0.7925,"0","0",9,18,0
0.4192,0.5808,"0","1",5,10,1
0.3613,0.6387,"0","1",7,13,1
0.2205,0.7795,"0","0",9,17,0
0.3707,0.6293,"0","0",6,12,0
0.5226,0.4774,"1","0",3,5,0
0.7249,0.2751,"1","1",1,2,1
0.318,0.682,"0","0",8,15,0
0.7968,0.2032,"1","1",1,1,1
0.3451,0.6549,"0","0",7,14,0
0.912,0.088,"1","1",1,1,1
0.5839,0.4161,"1","1",2,3,1
0.4122,0.5878,"0","1",5,10,1
0.4238,0.5762,"0","1",5,9,1
0.9069,0.0931,"1","1",1,1,1
0.239,0.761,"0","1",9,17,1
0.852,0.148,"1","1",1,1,1
0.5523,0.4477,"1","1",2,4,1
0.4479,0.5521,"0","1",4,8,1
0.6142,0.3858,"1","1",1,2,1
0,1,"0","0",10,20,0
0.3605,0.6395,"0","0",7,13,0
0.7936,0.2064,"1","1",1,1,1
0.8365,0.1635,"1","1",1,1,1
0.4214,0.5786,"0","1",5,9,1
0.3248,0.6752,"0","0",7,14,0
0.16,0.84,"0","0",10,19,0
0.6284,0.3716,"1","0",1,2,0
0.3098,0.6902,"0","0",8,15,0
0.0893,0.9107,"0","0",10,20,0
0.3141,0.6859,"0","1",8,15,1
0.5189,0.4811,"1","1",3,5,1
0.1823,0.8177,"0","0",9,18,0
0.5174,0.4826,"1","1",3,5,1
0.4314,0.5686,"0","1",5,9,1
0.9018,0.0982,"1","1",1,1,1
0.3037,0.6963,"0","1",8,15,1
0.4085,0.5915,"0","0",5,10,0
0.4167,0.5833,"0","1",5,10,1
0.3792,0.6208,"0","0",6,12,0
0.2986,0.7014,"0","0",8,15,0
0.4441,0.5559,"0","0",4,8,0
0.5942,0.4058,"1","1",2,3,1
0.2657,0.7343,"0","1",8,16,1
0.568,0.432,"1","1",2,3,1
0.4778,0.5222,"0","0",4,7,0
0.4087,0.5913,"0","1",5,10,1
0.3753,0.6247,"0","0",6,12,0
0.363,0.637,"0","0",7,13,0
0.9042,0.0958,"1","1",1,1,1
0.4968,0.5032,"0","1",3,6,1
0.3297,0.6703,"0","0",7,14,0
0.5556,0.4444,"1","1",2,3,1
0.2061,0.7939,"0","1",9,18,1
0.3094,0.6906,"0","0",8,15,0
0.1853,0.8147,"0","0",9,18,0
0.4815,0.5185,"0","1",3,6,1
0.3919,0.6081,"0","0",6,11,0
0.5055,0.4945,"1","0",3,6,0
0.4109,0.5891,"0","1",5,10,1
0.4277,0.5723,"0","0",5,9,0
0.4938,0.5062,"0","1",3,6,1
0.398,0.602,"0","0",6,11,0
0.6203,0.3797,"1","1",1,2,1
0.8614,0.1386,"1","1",1,1,1
0.8705,0.1295,"1","0",1,1,0
0.3791,0.6209,"0","1",6,12,1
0.5227,0.4773,"1","0",3,5,0
0.2226,0.7774,"0","0",9,17,0
0.5441,0.4559,"1","1",2,4,1
0,1,"0","0",10,20,0
0.5533,0.4467,"1","1",2,4,1
0.423,0.577,"0","0",5,9,0
0.3871,0.6129,"0","0",6,12,0
0.4532,0.5468,"0","1",4,8,1
0.3202,0.6798,"0","1",7,14,1
0.6523,0.3477,"1","1",1,2,1
0.4874,0.5126,"0","1",3,6,1
0.428,0.572,"0","1",5,9,1
0.4187,0.5813,"0","1",5,10,1
0.3664,0.6336,"0","0",7,13,0
0.5355,0.4645,"1","0",2,4,0
0.3498,0.6502,"0","0",7,13,0
0,1,"0","0",10,20,0
0.4654,0.5346,"0","0",4,7,0
0.3759,0.6241,"0","0",6,12,0
0.1494,0.8506,"0","0",10,19,0
0.6305,0.3695,"1","1",1,2,1
0.6124,0.3876,"1","1",1,2,1
0.3952,0.6048,"0","1",6,11,1
0.3338,0.6662,"0","0",7,14,0
0.2921,0.7079,"0","0",8,15,0
0.331,0.669,"0","0",7,14,0
0.0685,0.9315,"0","0",10,20,0
0.4691,0.5309,"0","0",4,7,0
0.3675,0.6325,"0","0",7,13,0
0.637,0.363,"1","0",1,2,0
0.2426,0.7574,"0","0",9,17,0
0.3991,0.6009,"0","1",6,11,1
0.4524,0.5476,"0","0",4,8,0
0.3616,0.6384,"0","1",7,13,1
0.4955,0.5045,"0","0",3,6,0
0.375,0.625,"0","1",6,12,1
0.5291,0.4709,"1","0",3,5,0
0.3408,0.6592,"0","1",7,14,1
0.563,0.437,"1","0",2,3,0
0.4088,0.5912,"0","1",5,10,1
0.4534,0.5466,"0","0",4,8,0
0.6118,0.3882,"1","0",1,2,0
0.5001,0.4999,"1","1",3,6,1
0.1865,0.8135,"0","0",9,18,0
0.3729,0.6271,"0","1",6,12,1
0.0715,0.9285,"0","0",10,20,0
0.3468,0.6532,"0","1",7,13,1
0.4576,0.5424,"0","0",4,8,0
0.2929,0.7071,"0","0",8,15,0
0.3944,0.6056,"0","1",6,11,1
0.3561,0.6439,"0","0",7,13,0
0.5677,0.4323,"1","0",2,3,0
0.8942,0.1058,"1","1",1,1,1
0.264,0.736,"0","1",8,16,1
0.3414,0.6586,"0","1",7,14,1
0.2051,0.7949,"0","1",9,18,1
0.4593,0.5407,"0","1",4,8,1
0.0992,0.9008,"0","0",10,19,0
0.3569,0.6431,"0","0",7,13,0
0.4032,0.5968,"0","1",6,11,1
0.8525,0.1475,"1","1",1,1,1
0.1154,0.8846,"0","1",10,19,1
0.1375,0.8625,"0","0",10,19,0
0.324,0.676,"0","0",7,14,0
0.3681,0.6319,"0","0",7,13,0
0.419,0.581,"0","1",5,10,1
0.25,0.75,"0","0",9,17,0
0.5486,0.4514,"1","0",2,4,0
0.4273,0.5727,"0","0",5,9,0
0.7092,0.2908,"1","1",1,2,1
0.5736,0.4264,"1","0",2,3,0
0,1,"0","0",10,20,0
0.4489,0.5511,"0","0",4,8,0
0.444,0.556,"0","0",4,8,0
0.2633,0.7367,"0","0",8,16,0
0.3241,0.6759,"0","0",7,14,0
0.3918,0.6082,"0","1",6,11,1
0.4054,0.5946,"0","1",6,11,1
0.5367,0.4633,"1","0",2,4,0
0.4231,0.5769,"0","0",5,9,0
0.2403,0.7597,"0","0",9,17,0
0.2857,0.7143,"0","1",8,16,1
0.4727,0.5273,"0","0",4,7,0
0.5781,0.4219,"1","1",2,3,1
0.431,0.569,"0","1",5,9,1
0,1,"0","0",10,20,0
0.0814,0.9186,"0","0",10,20,0
0.5069,0.4931,"1","0",3,6,0
0.5418,0.4582,"1","1",2,4,1
0.3465,0.6535,"0","1",7,13,1
0.3659,0.6341,"0","0",7,13,0
0.8845,0.1155,"1","1",1,1,1
0.7854,0.2146,"1","0",1,1,0
0.6164,0.3836,"1","1",1,2,1
0.2254,0.7746,"0","0",9,17,0
0.2295,0.7705,"0","0",9,17,0
0.6031,0.3969,"1","1",1,2,1
0.6356,0.3644,"1","1",1,2,1
0.2689,0.7311,"0","0",8,16,0
0.2028,0.7972,"0","0",9,18,0
0.7958,0.2042,"1","1",1,1,1
0.5494,0.4506,"1","0",2,4,0
0.3896,0.6104,"0","0",6,11,0
0.1658,0.8342,"0","1",10,19,1
0.5308,0.4692,"1","1",3,5,1
0.4086,0.5914,"0","0",5,10,0
0.5697,0.4303,"1","0",2,3,0
0.575,0.425,"1","1",2,3,1
0.2839,0.7161,"0","0",8,16,0
0.486,0.514,"0","0",3,6,0
0.3342,0.6658,"0","1",7,14,1
0.3811,0.6189,"0","0",6,12,0
0.6512,0.3488,"1","1",1,2,1
0.3784,0.6216,"0","1",6,12,1
0.1795,0.8205,"0","0",9,18,0
0.423,0.577,"0","1",5,9,1
0.4912,0.5088,"0","1",3,6,1
0.3667,0.6333,"0","1",7,13,1
0.4043,0.5957,"0","0",6,11,0
0.4636,0.5364,"0","1",4,7,1
0.3845,0.6155,"0","1",6,12,1
0.4381,0.5619,"0","0",5,9,0
0.4358,0.5642,"0","0",5,9,0
0.2392,0.7608,"0","1",9,17,1
0.4235,0.5765,"0","1",5,9,1
0,1,"0","0",10,20,0
0.5556,0.4444,"1","0",2,3,0
0.4676,0.5324,"0","1",4,7,1
0.3112,0.6888,"0","1",8,15,1
0,1,"0","0",10,20,0
0.495,0.505,"0","1",3,6,1
0.238,0.762,"0","0",9,17,0
0.7656,0.2344,"1","1",1,1,1
0.4521,0.5479,"0","0",4,8,0
0.9144,0.0856,"1","0",1,1,0
0.9234,0.0766,"1","1",1,1,1
0.8433,0.1567,"1","1",1,1,1
0.698,0.302,"1","1",1,2,1
0.272,0.728,"0","0",8,16,0
0.4399,0.5601,"0","1",4,8,1
0,1,"0","0",10,20,0
0.326,0.674,"0","1",7,14,1
0.3889,0.6111,"0","0",6,11,0
0.4872,0.5128,"0","0",3,6,0
0.5953,0.4047,"1","0",2,3,0
0.6307,0.3693,"1","1",1,2,1
0.3927,0.6073,"0","0",6,11,0
0.5845,0.4155,"1","0",2,3,0
0.1705,0.8295,"0","1",9,18,1
0.3694,0.6306,"0","0",7,13,0
0.4305,0.5695,"0","1",5,9,1
0.4994,0.5006,"0","0",3,6,0
0.4405,0.5595,"0","1",4,8,1
0.7674,0.2326,"1","1",1,1,1
0.3569,0.6431,"0","0",7,13,0
0.5463,0.4537,"1","0",2,4,0
0.4229,0.5771,"0","0",5,9,0
0.2975,0.7025,"0","0",8,15,0
0.2125,0.7875,"0","0",9,18,0
0.433,0.567,"0","0",5,9,0
0.4422,0.5578,"0","0",4,8,0
0.2731,0.7269,"0","0",8,16,0
0.3691,0.6309,"0","0",7,13,0
0.4032,0.5968,"0","1",6,11,1
0.9008,0.0992,"1","1",1,1,1
0.3271,0.6729,"0","1",7,14,1
0.0912,0.9088,"0","1",10,19,1
0.5571,0.4429,"1","1",2,3,1
0.2415,0.7585,"0","0",9,17,0
0.5017,0.4983,"1","0",3,6,0
0.4572,0.5428,"0","0",4,8,0
0.5019,0.4981,"1","1",3,6,1
0.3951,0.6049,"0","0",6,11,0
0.4427,0.5573,"0","0",4,8,0
0.4735,0.5265,"0","1",4,7,1
0.3522,0.6478,"0","0",7,13,0
0.9488,0.0512,"1","1",1,1,1
0.3468,0.6532,"0","1",7,13,1
0.4401,0.5599,"0","0",4,8,0
0.1468,0.8532,"0","1",10,19,1
0.5927,0.4073,"1","0",2,3,0
0.4437,0.5563,"0","1",4,8,1
0.5347,0.4653,"1","1",2,4,1
0.2678,0.7322,"0","0",8,16,0
0.387,0.613,"0","1",6,12,1
0.1069,0.8931,"0","0",10,19,0
0.3886,0.6114,"0","0",6,11,0
0.1493,0.8507,"0","0",10,19,0
0.4032,0.5968,"0","1",6,11,1
0.3634,0.6366,"0","1",7,13,1
0.7545,0.2455,"1","1",1,1,1
0.4793,0.5207,"0","0",4,7,0
0.4642,0.5358,"0","1",4,7,1
0.4167,0.5833,"0","1",5,10,1
0.5388,0.4612,"1","0",2,4,0
0,1,"0","0",10,20,0
0.1834,0.8166,"0","0",9,18,0
0.2656,0.7344,"0","0",8,16,0
0.3888,0.6112,"0","1",6,11,1
0.8116,0.1884,"1","0",1,1,0
0.4422,0.5578,"0","1",4,8,1
0.4538,0.5462,"0","1",4,8,1
0.4879,0.5121,"0","1",3,6,1
0.8873,0.1127,"1","1",1,1,1
0.8456,0.1544,"1","1",1,1,1
0.3114,0.6886,"0","1",8,15,1
0.3987,0.6013,"0","0",6,11,0
0.1028,0.8972,"0","1",10,19,1
0.2523,0.7477,"0","1",8,16,1
0.2351,0.7649,"0","0",9,17,0
0,1,"0","0",10,20,0
0.4764,0.5236,"0","1",4,7,1
0.4456,0.5544,"0","0",4,8,0
0.4793,0.5207,"0","0",4,7,0
0.2117,0.7883,"0","1",9,18,1
0.4085,0.5915,"0","0",5,10,0
0.9039,0.0961,"1","1",1,1,1
0.4224,0.5776,"0","0",5,9,0
0.3029,0.6971,"0","0",8,15,0
0.3541,0.6459,"0","0",7,13,0
0.2071,0.7929,"0","1",9,18,1
0.3042,0.6958,"0","1",8,15,1
0.3798,0.6202,"0","1",6,12,1
0.3552,0.6448,"0","0",7,13,0
0.6164,0.3836,"1","1",1,2,1
0.2917,0.7083,"0","0",8,15,0
0.4118,0.5882,"0","0",5,10,0
0.224,0.776,"0","0",9,17,0
0.5084,0.4916,"1","0",3,5,0
0.3181,0.6819,"0","1",8,15,1
0.2908,0.7092,"0","0",8,16,0
0.9284,0.0716,"1","1",1,1,1
0.4492,0.5508,"0","1",4,8,1
0.3228,0.6772,"0","1",7,14,1
0.4929,0.5071,"0","0",3,6,0
0.3955,0.6045,"0","0",6,11,0
0.5378,0.4622,"1","0",2,4,0
0.392,0.608,"0","1",6,11,1
0,1,"0","0",10,20,0
0.7407,0.2593,"1","1",1,1,1
0.3246,0.6754,"0","1",7,14,1
0.3328,0.6672,"0","1",7,14,1
0.524,0.476,"1","0",3,5,0
0.5322,0.4678,"1","0",2,4,0
0.383,0.617,"0","0",6,12,0
0.4076,0.5924,"0","1",5,10,1
0.5832,0.4168,"1","1",2,3,1
0.3925,0.6075,"0","0",6,11,0
0.4512,0.5488,"0","0",4,8,0
0.4609,0.5391,"0","1",4,8,1
0.5841,0.4159,"1","1",2,3,1
0.3501,0.6499,"0","1",7,13,1
0.4305,0.5695,"0","0",5,9,0
0.142,0.858,"0","0",10,19,0
0.4276,0.5724,"0","1",5,9,1
0.641,0.359,"1","1",1,2,1
0,1,"0","0",10,20,0
0.3704,0.6296,"0","0",6,12,0
0.1992,0.8008,"0","1",9,18,1
0.1518,0.8482,"0","1",10,19,1
0,1,"0","0",10,20,0
0.361,0.639,"0","1",7,13,1
0.5169,0.4831,"1","1",3,5,1
0.3048,0.6952,"0","0",8,15,0
0.5184,0.4816,"1","0",3,5,0
0.3831,0.6169,"0","0",6,12,0
0.3807,0.6193,"0","0",6,12,0
0.4572,0.5428,"0","1",4,8,1
0.7546,0.2454,"1","1",1,1,1
0.3357,0.6643,"0","1",7,14,1
0.4971,0.5029,"0","1",3,6,1
0.3974,0.6026,"0","0",6,11,0
0.7645,0.2355,"1","1",1,1,1
0.1382,0.8618,"0","0",10,19,0
0.3839,0.6161,"0","0",6,12,0
0.8029,0.1971,"1","1",1,1,1
0.1303,0.8697,"0","0",10,19,0
0.4236,0.5764,"0","0",5,9,0
0.5081,0.4919,"1","1",3,5,1
0.3621,0.6379,"0","0",7,13,0
0.7212,0.2788,"1","1",1,2,1
0.3042,0.6958,"0","1",8,15,1
0.2735,0.7265,"0","1",8,16,1
0.4712,0.5288,"0","0",4,7,0
0.9142,0.0858,"1","1",1,1,1
0.4396,0.5604,"0","0",4,8,0
0.0559,0.9441,"0","1",10,20,1
0.8784,0.1216,"1","1",1,1,1
0.3724,0.6276,"0","0",6,12,0
0.2664,0.7336,"0","0",8,16,0
0.2648,0.7352,"0","1",8,16,1
0,1,"0","0",10,20,0
0.2694,0.7306,"0","0",8,16,0
0.4813,0.5187,"0","1",3,6,1
0.1361,0.8639,"0","0",10,19,0
0.2315,0.7685,"0","0",9,17,0
0.0924,0.9076,"0","0",10,19,0
0.1957,0.8043,"0","0",9,18,0
0.4176,0.5824,"0","0",5,10,0
0.2714,0.7286,"0","0",8,16,0
0.5304,0.4696,"1","0",3,5,0
0.4211,0.5789,"0","0",5,9,0
0.407,0.593,"0","0",5,10,0
0.3728,0.6272,"0","1",6,12,1
0.3986,0.6014,"0","1",6,11,1
0.4144,0.5856,"0","1",5,10,1
0.1273,0.8727,"0","1",10,19,1
0.3678,0.6322,"0","1",7,13,1
0.5708,0.4292,"1","1",2,3,1
0.2679,0.7321,"0","0",8,16,0
0.1721,0.8279,"0","1",9,18,1
0.0796,0.9204,"0","0",10,20,0
0.9077,0.0923,"1","1",1,1,1
0.3248,0.6752,"0","1",7,14,1
0.4739,0.5261,"0","0",4,7,0
0.3342,0.6658,"0","1",7,14,1
0.2737,0.7263,"0","1",8,16,1
0.5238,0.4762,"1","1",3,5,1
0.4171,0.5829,"0","0",5,10,0
0.3663,0.6337,"0","0",7,13,0
0.3446,0.6554,"0","1",7,14,1
0.1709,0.8291,"0","0",9,18,0
0.5497,0.4503,"1","1",2,4,1
0.5461,0.4539,"1","1",2,4,1
0.4587,0.5413,"0","0",4,8,0
0.2179,0.7821,"0","1",9,17,1
0.4259,0.5741,"0","0",5,9,0
0.4371,0.5629,"0","0",5,9,0
0.6608,0.3392,"1","1",1,2,1
0.9185,0.0815,"1","1",1,1,1
0.4457,0.5543,"0","0",4,8,0
0.5619,0.4381,"1","1",2,3,1
0.5384,0.4616,"1","1",2,4,1
0.2751,0.7249,"0","1",8,16,1
0.4325,0.5675,"0","1",5,9,1
0.4864,0.5136,"0","1",3,6,1
0.5853,0.4147,"1","1",2,3,1
0.1534,0.8466,"0","0",10,19,0
0.158,0.842,"0","0",10,19,0
0.3745,0.6255,"0","0",6,12,0
0.1038,0.8962,"0","0",10,19,0
0.5154,0.4846,"1","1",3,5,1
0.2412,0.7588,"0","0",9,17,0
0.5602,0.4398,"1","0",2,3,0
0.2673,0.7327,"0","0",8,16,0
0.3571,0.6429,"0","1",7,13,1
0.6796,0.3204,"1","0",1,2,0
0.3616,0.6384,"0","0",7,13,0
0.5202,0.4798,"1","0",3,5,0
0.476,0.524,"0","1",4,7,1
0.4634,0.5366,"0","1",4,7,1
0.5589,0.4411,"1","0",2,3,0
0.8433,0.1567,"1","1",1,1,1
0.4362,0.5638,"0","0",5,9,0
0.5017,0.4983,"1","1",3,6,1
0.4072,0.5928,"0","0",5,10,0
0.2749,0.7251,"0","0",8,16,0
0.6638,0.3362,"1","1",1,2,1
0.482,0.518,"0","0",3,6,0
0.2312,0.7688,"0","0",9,17,0
0.4648,0.5352,"0","0",4,7,0
0.53,0.47,"1","0",3,5,0
0.3811,0.6189,"0","0",6,12,0
0.6617,0.3383,"1","1",1,2,1
0.7301,0.2699,"1","1",1,1,1
0.5192,0.4808,"1","0",3,5,0
0.493,0.507,"0","0",3,6,0
0.3882,0.6118,"0","1",6,12,1
0.3487,0.6513,"0","1",7,13,1
0.34,0.66,"0","0",7,14,0
0.4871,0.5129,"0","1",3,6,1
0.4204,0.5796,"0","1",5,10,1
0.4089,0.5911,"0","0",5,10,0
0.0513,0.9487,"0","0",10,20,0
0.139,0.861,"0","0",10,19,0
0.4326,0.5674,"0","1",5,9,1
0.2369,0.7631,"0","1",9,17,1
0.12,0.88,"0","1",10,19,1
0.3062,0.6938,"0","1",8,15,1
0.5606,0.4394,"1","1",2,3,1
0.3477,0.6523,"0","1",7,13,1
0,1,"0","0",10,20,0
0.4809,0.5191,"0","1",3,6,1
0.8656,0.1344,"1","1",1,1,1
0.3132,0.6868,"0","0",8,15,0
0.604,0.396,"1","1",1,2,1
0.39,0.61,"0","1",6,11,1
0.531,0.469,"1","1",3,5,1
0.4276,0.5724,"0","0",5,9,0
0,1,"0","0",10,20,0
0,1,"0","0",10,20,0
0.229,0.771,"0","1",9,17,1
0.3231,0.6769,"0","1",7,14,1
0.1514,0.8486,"0","0",10,19,0
0.2808,0.7192,"0","0",8,16,0
0.4229,0.5771,"0","0",5,9,0
0.3967,0.6033,"0","0",6,11,0
0.1643,0.8357,"0","1",10,19,1
0.7083,0.2917,"1","1",1,2,1
0.3081,0.6919,"0","0",8,15,0
0.3841,0.6159,"0","0",6,12,0
0.4916,0.5084,"0","1",3,6,1
0.4212,0.5788,"0","1",5,9,1
0.391,0.609,"0","0",6,11,0
0.8541,0.1459,"1","1",1,1,1
0.4518,0.5482,"0","0",4,8,0
0.413,0.587,"0","1",5,10,1
0.5563,0.4437,"1","0",2,3,0
0.4755,0.5245,"0","0",4,7,0
0.6356,0.3644,"1","1",1,2,1
0.2412,0.7588,"0","0",9,17,0
0.4094,0.5906,"0","1",5,10,1
0,1,"0","0",10,20,0
0.2897,0.7103,"0","0",8,16,0
0.3868,0.6132,"0","0",6,12,0
0.2492,0.7508,"0","1",9,17,1
0.4403,0.5597,"0","0",4,8,0
0.5797,0.4203,"1","0",2,3,0
0.1312,0.8688,"0","0",10,19,0
0.5048,0.4952,"1","0",3,6,0
0.152,0.848,"0","0",10,19,0
0.3896,0.6104,"0","0",6,11,0
0.5016,0.4984,"1","0",3,6,0
0.4474,0.5526,"0","0",4,8,0
0.437,0.563,"0","0",5,9,0
0.5337,0.4663,"1","0",2,4,0
0.3588,0.6412,"0","0",7,13,0
0.4301,0.5699,"0","1",5,9,1
0.1863,0.8137,"0","0",9,18,0
0.3937,0.6063,"0","0",6,11,0
0.5904,0.4096,"1","1",2,3,1
0.4508,0.5492,"0","1",4,8,1
0.4787,0.5213,"0","1",4,7,1
0.5026,0.4974,"1","1",3,6,1
0.5443,0.4557,"1","1",2,4,1
0.31,0.69,"0","0",8,15,0
0.5548,0.4452,"1","1",2,4,1
0.3744,0.6256,"0","0",6,12,0
0.5497,0.4503,"1","1",2,4,1
0.4016,0.5984,"0","0",6,11,0
0.2748,0.7252,"0","0",8,16,0
0.4349,0.5651,"0","0",5,9,0
0.2341,0.7659,"0","0",9,17,0
0.4145,0.5855,"0","1",5,10,1
0.3791,0.6209,"0","0",6,12,0
0.4224,0.5776,"0","0",5,9,0
0.5581,0.4419,"1","0",2,3,0
0.4201,0.5799,"0","0",5,10,0
0.8079,0.1921,"1","1",1,1,1
0.4767,0.5233,"0","1",4,7,1
0.1609,0.8391,"0","0",10,19,0
0.3093,0.6907,"0","1",8,15,1
0.2309,0.7691,"0","0",9,17,0
0.4046,0.5954,"0","0",6,11,0
0.3703,0.6297,"0","0",6,12,0
0.4039,0.5961,"0","0",6,11,0
0.2973,0.7027,"0","0",8,15,0
0.445,0.555,"0","0",4,8,0
0.1817,0.8183,"0","1",9,18,1
0.3938,0.6062,"0","0",6,11,0
0.3521,0.6479,"0","0",7,13,0
0.2511,0.7489,"0","0",9,17,0
0.5477,0.4523,"1","1",2,4,1
0.5471,0.4529,"1","0",2,4,0
0,1,"0","0",10,20,0
0.4675,0.5325,"0","1",4,7,1
0.4375,0.5625,"0","1",5,9,1
0.7974,0.2026,"1","1",1,1,1
0.1629,0.8371,"0","0",10,19,0
0.5297,0.4703,"1","1",3,5,1
0.3244,0.6756,"0","0",7,14,0
0,1,"0","0",10,20,0
0.4695,0.5305,"0","0",4,7,0
0.4909,0.5091,"0","1",3,6,1
0.3365,0.6635,"0","0",7,14,0
0.1625,0.8375,"0","0",10,19,0
0.5444,0.4556,"1","1",2,4,1
0.5557,0.4443,"1","1",2,3,1
0.3474,0.6526,"0","0",7,13,0
0.291,0.709,"0","0",8,16,0
0.1711,0.8289,"0","0",9,18,0
0.2389,0.7611,"0","0",9,17,0
0.369,0.631,"0","0",7,13,0
0.4427,0.5573,"0","0",4,8,0
0.348,0.652,"0","1",7,13,1
0.4659,0.5341,"0","1",4,7,1
0.501,0.499,"1","1",3,6,1
0.4141,0.5859,"0","1",5,10,1
0.4979,0.5021,"0","1",3,6,1
0.2793,0.7207,"0","1",8,16,1
0.3811,0.6189,"0","1",6,12,1
0.2365,0.7635,"0","0",9,17,0
0.9232,0.0768,"1","1",1,1,1
0.3567,0.6433,"0","0",7,13,0
0,1,"0","0",10,20,0
0.4743,0.5257,"0","1",4,7,1
0.2781,0.7219,"0","0",8,16,0
0.5232,0.4768,"1","1",3,5,1
0.4556,0.5444,"0","1",4,8,1
0.4726,0.5274,"0","0",4,7,0
0.4463,0.5537,"0","1",4,8,1
0.2881,0.7119,"0","1",8,16,1
0.5455,0.4545,"1","0",2,4,0
0.3992,0.6008,"0","0",6,11,0
0.5502,0.4498,"1","1",2,4,1
0.5276,0.4724,"1","0",3,5,0
0.375,0.625,"0","1",6,12,1
0.4905,0.5095,"0","0",3,6,0
0.2996,0.7004,"0","0",8,15,0
0,1,"0","0",10,20,0
0.3082,0.6918,"0","1",8,15,1
0.3307,0.6693,"0","0",7,14,0
0.3234,0.6766,"0","1",7,14,1
0.3446,0.6554,"0","1",7,14,1
0.3953,0.6047,"0","1",6,11,1
0.651,0.349,"1","1",1,2,1
0.3589,0.6411,"0","0",7,13,0
0.3057,0.6943,"0","0",8,15,0
0.5145,0.4855,"1","0",3,5,0
0.0905,0.9095,"0","1",10,19,1
0.4941,0.5059,"0","1",3,6,1
0.3741,0.6259,"0","0",6,12,0
0.5824,0.4176,"1","0",2,3,0
0.337,0.663,"0","0",7,14,0
0.4506,0.5494,"0","1",4,8,1
0.1044,0.8956,"0","0",10,19,0
0.1236,0.8764,"0","0",10,19,0
0.319,0.681,"0","0",8,15,0
0.6731,0.3269,"1","1",1,2,1
0,1,"0","0",10,20,0
0.2856,0.7144,"0","0",8,16,0
0.4183,0.5817,"0","1",5,10,1
0.0926,0.9074,"0","0",10,19,0
0.0723,0.9277,"0","0",10,20,0
0.4679,0.5321,"0","0",4,7,0
0.3016,0.6984,"0","1",8,15,1
0.1199,0.8801,"0","1",10,19,1
0.3678,0.6322,"0","0",7,13,0
0.3081,0.6919,"0","0",8,15,0
0.4031,0.5969,"0","1",6,11,1
0.1064,0.8936,"0","1",10,19,1
0.4144,0.5856,"0","1",5,10,1
0.5175,0.4825,"1","1",3,5,1
0.332,0.668,"0","1",7,14,1
0.2954,0.7046,"0","0",8,15,0
0.3036,0.6964,"0","1",8,15,1
0.3884,0.6116,"0","0",6,12,0
0.406,0.594,"0","1",6,11,1
0.3847,0.6153,"0","0",6,12,0
0.1625,0.8375,"0","0",10,19,0
0.3944,0.6056,"0","0",6,11,0
0.5277,0.4723,"1","1",3,5,1
0.4605,0.5395,"0","0",4,8,0
0.5135,0.4865,"1","1",3,5,1
0.5131,0.4869,"1","1",3,5,1
0.3199,0.6801,"0","0",7,14,0
0.5003,0.4997,"1","0",3,6,0
0.3945,0.6055,"0","1",6,11,1
0.2927,0.7073,"0","0",8,15,0
0.5658,0.4342,"1","1",2,3,1
0.1969,0.8031,"0","0",9,18,0
0.5379,0.4621,"1","1",2,4,1
0.462,0.538,"0","0",4,7,0
0.4097,0.5903,"0","0",5,10,0
0.2875,0.7125,"0","1",8,16,1
0.4614,0.5386,"0","1",4,7,1
0.2152,0.7848,"0","0",9,18,0
0.2167,0.7833,"0","0",9,17,0
0.4627,0.5373,"0","1",4,7,1
0.3037,0.6963,"0","0",8,15,0
0.3537,0.6463,"0","0",7,13,0
0.4666,0.5334,"0","0",4,7,0
0.6167,0.3833,"1","0",1,2,0
0.3801,0.6199,"0","0",6,12,0
0.553,0.447,"1","1",2,4,1
0.4936,0.5064,"0","1",3,6,1
0.4523,0.5477,"0","1",4,8,1
0.4611,0.5389,"0","0",4,8,0
0.4364,0.5636,"0","0",5,9,0
0.4008,0.5992,"0","0",6,11,0
0.5138,0.4862,"1","1",3,5,1
0.2067,0.7933,"0","0",9,18,0
0.5863,0.4137,"1","1",2,3,1
0.3342,0.6658,"0","1",7,14,1
0.2101,0.7899,"0","0",9,18,0
0.4053,0.5947,"0","0",6,11,0
0.1767,0.8233,"0","0",9,18,0
0.4729,0.5271,"0","0",4,7,0
0.5914,0.4086,"1","0",2,3,0
0.4143,0.5857,"0","0",5,10,0
0.5493,0.4507,"1","0",2,4,0
0.383,0.617,"0","1",6,12,1
0.1893,0.8107,"0","0",9,18,0
0.4723,0.5277,"0","0",4,7,0
0,1,"0","0",10,20,0
0,1,"0","0",10,20,0
0.4915,0.5085,"0","1",3,6,1
0.3776,0.6224,"0","0",6,12,0
0.5369,0.4631,"1","1",2,4,1
0.4131,0.5869,"0","0",5,10,0
0.3838,0.6162,"0","0",6,12,0
0.1814,0.8186,"0","1",9,18,1
0.6089,0.3911,"1","1",1,2,1
0.3437,0.6563,"0","0",7,14,0
0.4789,0.5211,"0","0",4,7,0
0.3607,0.6393,"0","0",7,13,0
0.3386,0.6614,"0","0",7,14,0
0.1399,0.8601,"0","0",10,19,0
0.4007,0.5993,"0","0",6,11,0
0.2991,0.7009,"0","1",8,15,1
0.4223,0.5777,"0","0",5,9,0
0.6066,0.3934,"1","1",1,2,1
0.4529,0.5471,"0","0",4,8,0
0.503,0.497,"1","0",3,6,0
0.4063,0.5937,"0","0",5,10,0
0.3699,0.6301,"0","0",6,12,0
0.317,0.683,"0","0",8,15,0
0.4127,0.5873,"0","0",5,10,0
0.469,0.531,"0","0",4,7,0
0.243,0.757,"0","0",9,17,0
0.6099,0.3901,"1","1",1,2,1
0.4757,0.5243,"0","0",4,7,0
0.4228,0.5772,"0","0",5,9,0
0.2933,0.7067,"0","0",8,15,0
0.1349,0.8651,"0","0",10,19,0
0.4358,0.5642,"0","0",5,9,0
0.0983,0.9017,"0","0",10,19,0
0.4144,0.5856,"0","1",5,10,1
0.3744,0.6256,"0","1",6,12,1
0.5322,0.4678,"1","0",2,4,0
0.0975,0.9025,"0","1",10,19,1
0.3472,0.6528,"0","0",7,13,0
0.2178,0.7822,"0","0",9,17,0
0.5304,0.4696,"1","0",3,5,0
0.4004,0.5996,"0","0",6,11,0
0,1,"0","0",10,20,0
0.3652,0.6348,"0","1",7,13,1
0.1572,0.8428,"0","0",10,19,0
0.4188,0.5812,"0","0",5,10,0
0.0525,0.9475,"0","0",10,20,0
0.5247,0.4753,"1","1",3,5,1
0,1,"0","0",10,20,0
0.3193,0.6807,"0","0",7,14,0
0.2544,0.7456,"0","0",8,16,0
0.3109,0.6891,"0","1",8,15,1
0.538,0.462,"1","0",2,4,0
0.1857,0.8143,"0","1",9,18,1
0.2116,0.7884,"0","0",9,18,0
0.2917,0.7083,"0","1",8,16,1
0.188,0.812,"0","0",9,18,0
0.6316,0.3684,"1","1",1,2,1
0.5179,0.4821,"1","0",3,5,0
0.3738,0.6262,"0","0",6,12,0
0.5875,0.4125,"1","1",2,3,1
0.2031,0.7969,"0","0",9,18,0
0.2973,0.7027,"0","0",8,15,0
0.2275,0.7725,"0","0",9,17,0
0.202,0.798,"0","0",9,18,0
0.4365,0.5635,"0","1",5,9,1
0.4894,0.5106,"0","1",3,6,1
0.0947,0.9053,"0","0",10,19,0
0.3506,0.6494,"0","0",7,13,0
0.339,0.661,"0","0",7,14,0
0.2215,0.7785,"0","0",9,17,0
0.3163,0.6837,"0","0",8,15,0
0.5214,0.4786,"1","0",3,5,0
0.5582,0.4418,"1","1",2,3,1
0,1,"0","0",10,20,0
0.4614,0.5386,"0","0",4,8,0
0,1,"0","0",10,20,0
0.5549,0.4451,"1","1",2,4,1
0.0848,0.9152,"0","0",10,20,0
0.414,0.586,"0","0",5,10,0
0,1,"0","0",10,20,0
0.5445,0.4555,"1","0",2,4,0
0.2733,0.7267,"0","1",8,16,1
0.2786,0.7214,"0","0",8,16,0
0.5196,0.4804,"1","0",3,5,0
0.2758,0.7242,"0","0",8,16,0
0.3431,0.6569,"0","0",7,14,0
0.3752,0.6248,"0","0",6,12,0
0.5432,0.4568,"1","0",2,4,0
0.3738,0.6262,"0","1",6,12,1
0.4015,0.5985,"0","1",6,11,1
0.2873,0.7127,"0","0",8,16,0
0.5467,0.4533,"1","0",2,4,0
0.3419,0.6581,"0","0",7,14,0
0.1578,0.8422,"0","0",10,19,0
0.3695,0.6305,"0","0",7,13,0
0.568,0.432,"1","1",2,3,1
0.3145,0.6855,"0","0",8,15,0
0.3238,0.6762,"0","0",7,14,0
0.4292,0.5708,"0","1",5,9,1
0.1845,0.8155,"0","0",9,18,0
0.3873,0.6127,"0","1",6,12,1
0.2796,0.7204,"0","0",8,16,0
0.4441,0.5559,"0","0",4,8,0
0.2252,0.7748,"0","0",9,17,0
0.192,0.808,"0","0",9,18,0
0.1326,0.8674,"0","0",10,19,0
0.3516,0.6484,"0","0",7,13,0
0.6377,0.3623,"1","1",1,2,1
0.5874,0.4126,"1","1",2,3,1
0.4181,0.5819,"0","1",5,10,1
0.416,0.584,"0","0",5,10,0
0.3308,0.6692,"0","0",7,14,0
0.3227,0.6773,"0","0",7,14,0
0.2268,0.7732,"0","0",9,17,0
0.4937,0.5063,"0","1",3,6,1
0,1,"0","0",10,20,0
0.3942,0.6058,"0","0",6,11,0
0.4738,0.5262,"0","0",4,7,0
0.2339,0.7661,"0","0",9,17,0
0.5532,0.4468,"1","0",2,4,0
0.4714,0.5286,"0","1",4,7,1
0.5178,0.4822,"1","1",3,5,1
0.5314,0.4686,"1","1",2,4,1
0.3967,0.6033,"0","0",6,11,0
0.3403,0.6597,"0","1",7,14,1
0.3092,0.6908,"0","0",8,15,0
0.1647,0.8353,"0","0",10,19,0
0.241,0.759,"0","0",9,17,0
0.4511,0.5489,"0","0",4,8,0
0.4692,0.5308,"0","1",4,7,1
0.4156,0.5844,"0","0",5,10,0
0.441,0.559,"0","1",4,8,1
0.2357,0.7643,"0","0",9,17,0
0.3266,0.6734,"0","0",7,14,0
0.2762,0.7238,"0","0",8,16,0
0.5285,0.4715,"1","0",3,5,0
0.3716,0.6284,"0","0",6,12,0
0.184,0.816,"0","0",9,18,0
0.3717,0.6283,"0","0",6,12,0
0.5166,0.4834,"1","0",3,5,0
0.5604,0.4396,"1","0",2,3,0
0.4125,0.5875,"0","0",5,10,0
0.5164,0.4836,"1","1",3,5,1
0.367,0.633,"0","0",7,13,0
0.4352,0.5648,"0","0",5,9,0
0.4926,0.5074,"0","1",3,6,1
0.1591,0.8409,"0","0",10,19,0
0.2675,0.7325,"0","1",8,16,1
0.2364,0.7636,"0","0",9,17,0
0.4428,0.5572,"0","0",4,8,0
0.2765,0.7235,"0","0",8,16,0
0.4544,0.5456,"0","0",4,8,0
0.3771,0.6229,"0","0",6,12,0
0.5377,0.4623,"1","0",2,4,0
0.5174,0.4826,"1","0",3,5,0
0.3304,0.6696,"0","0",7,14,0
0.3167,0.6833,"0","1",8,15,1
0.5581,0.4419,"1","0",2,3,0
0.3133,0.6867,"0","0",8,15,0
0.6092,0.3908,"1","1",1,2,1
0.365,0.635,"0","0",7,13,0
0.4544,0.5456,"0","0",4,8,0
0.4535,0.5465,"0","1",4,8,1
0.1767,0.8233,"0","0",9,18,0
0.5358,0.4642,"1","1",2,4,1
0.3395,0.6605,"0","0",7,14,0
0.1429,0.8571,"0","0",10,19,0
0.3787,0.6213,"0","1",6,12,1
0.4679,0.5321,"0","1",4,7,1
0.2208,0.7792,"0","0",9,17,0
0.1338,0.8662,"0","1",10,19,1
0.1064,0.8936,"0","0",10,19,0
0.4665,0.5335,"0","1",4,7,1
0.5617,0.4383,"1","0",2,3,0
0.4946,0.5054,"0","1",3,6,1
0.0859,0.9141,"0","0",10,20,0
0.4258,0.5742,"0","1",5,9,1
0.5746,0.4254,"1","1",2,3,1
0.2259,0.7741,"0","1",9,17,1
0.4009,0.5991,"0","0",6,11,0
0.386,0.614,"0","0",6,12,0
0.2423,0.7577,"0","0",9,17,0
0.1185,0.8815,"0","0",10,19,0
0.3235,0.6765,"0","0",7,14,0
0.4333,0.5667,"0","1",5,9,1
0.3956,0.6044,"0","0",6,11,0
0.5658,0.4342,"1","1",2,3,1
0,1,"0","0",10,20,0
0.4783,0.5217,"0","1",4,7,1
0.541,0.459,"1","1",2,4,1
0.1959,0.8041,"0","0",9,18,0
0.5331,0.4669,"1","1",2,4,1
0.3994,0.6006,"0","1",6,11,1
0.4049,0.5951,"0","0",6,11,0
0.4683,0.5317,"0","1",4,7,1
0.1812,0.8188,"0","0",9,18,0
0.3956,0.6044,"0","1",6,11,1
0.2385,0.7615,"0","0",9,17,0
0.6461,0.3539,"1","1",1,2,1
0.4149,0.5851,"0","0",5,10,0
0.1333,0.8667,"0","0",10,19,0
0.4723,0.5277,"0","1",4,7,1
0.3126,0.6874,"0","0",8,15,0
0.5144,0.4856,"1","1",3,5,1
0.546,0.454,"1","1",2,4,1
0.4584,0.5416,"0","1",4,8,1
0.3699,0.6301,"0","1",6,12,1
0.4455,0.5545,"0","0",4,8,0
0.5976,0.4024,"1","0",1,2,0
0.4642,0.5358,"0","0",4,7,0
0.2716,0.7284,"0","0",8,16,0
0,1,"0","0",10,20,0
0.4163,0.5837,"0","0",5,10,0
0.314,0.686,"0","1",8,15,1
0.5412,0.4588,"1","0",2,4,0
0.5619,0.4381,"1","0",2,3,0
0.3224,0.6776,"0","0",7,14,0
0.5541,0.4459,"1","1",2,4,1
0.5968,0.4032,"1","1",1,2,1
0.6079,0.3921,"1","0",1,2,0
0.3254,0.6746,"0","0",7,14,0
0.5155,0.4845,"1","1",3,5,1
0.412,0.588,"0","0",5,10,0
0.1802,0.8198,"0","0",9,18,0
0.5833,0.4167,"1","1",2,3,1
0.061,0.939,"0","0",10,20,0
0.3505,0.6495,"0","0",7,13,0
0,1,"0","0",10,20,0
0.4199,0.5801,"0","0",5,10,0
0.361,0.639,"0","0",7,13,0
0.5026,0.4974,"1","0",3,6,0
0,1,"0","0",10,20,0
0,1,"0","0",10,20,0
0.4936,0.5064,"0","1",3,6,1
0,1,"0","0",10,20,0
0.4604,0.5396,"0","0",4,8,0
0.5788,0.4212,"1","1",2,3,1
0,1,"0","0",10,20,0
0.261,0.739,"0","1",8,16,1
0.534,0.466,"1","1",2,4,1
0.5181,0.4819,"1","0",3,5,0
0.5426,0.4574,"1","1",2,4,1
0.3909,0.6091,"0","0",6,11,0
0.4463,0.5537,"0","0",4,8,0
0.3443,0.6557,"0","0",7,14,0
0.5104,0.4896,"1","1",3,5,1
0.4936,0.5064,"0","1",3,6,1
0.5585,0.4415,"1","0",2,3,0
0.2983,0.7017,"0","0",8,15,0
0.0626,0.9374,"0","0",10,20,0
0.538,0.462,"1","0",2,4,0
0.6101,0.3899,"1","0",1,2,0
0.5574,0.4426,"1","0",2,3,0
0.4883,0.5117,"0","1",3,6,1
0.2316,0.7684,"0","0",9,17,0
0.4206,0.5794,"0","0",5,10,0
0.4308,0.5692,"0","0",5,9,0
0.1683,0.8317,"0","0",9,18,0
0.4652,0.5348,"0","0",4,7,0
0.3713,0.6287,"0","0",6,12,0
0.4013,0.5987,"0","0",6,11,0
0.6614,0.3386,"1","1",1,2,1
0,1,"0","0",10,20,0
0.6323,0.3677,"1","0",1,2,0
0.1742,0.8258,"0","0",9,18,0
0.1586,0.8414,"0","0",10,19,0
0.2998,0.7002,"0","0",8,15,0
0.2225,0.7775,"0","0",9,17,0
0.4207,0.5793,"0","0",5,9,0
0.584,0.416,"1","1",2,3,1
0.4096,0.5904,"0","0",5,10,0
0.5888,0.4112,"1","0",2,3,0
0.3286,0.6714,"0","0",7,14,0
0.478,0.522,"0","0",4,7,0
0.3706,0.6294,"0","0",6,12,0
0.3742,0.6258,"0","0",6,12,0
0.3714,0.6286,"0","0",6,12,0
0.611,0.389,"1","0",1,2,0
0.2083,0.7917,"0","0",9,18,0
0.368,0.632,"0","0",7,13,0
0.2941,0.7059,"0","1",8,15,1
0.3703,0.6297,"0","0",6,12,0
0.3474,0.6526,"0","0",7,13,0
0.2681,0.7319,"0","0",8,16,0
0.408,0.592,"0","0",5,10,0
0.3127,0.6873,"0","0",8,15,0
0.1986,0.8014,"0","0",9,18,0
0.5261,0.4739,"1","0",3,5,0
0.5558,0.4442,"1","1",2,3,1
0.2645,0.7355,"0","1",8,16,1
0.7148,0.2852,"1","1",1,2,1
0.0623,0.9377,"0","0",10,20,0
0.5826,0.4174,"1","1",2,3,1
0.4236,0.5764,"0","0",5,9,0
0.374,0.626,"0","1",6,12,1
0.4345,0.5655,"0","0",5,9,0
0.2669,0.7331,"0","0",8,16,0
0.318,0.682,"0","1",8,15,1
0.1798,0.8202,"0","0",9,18,0
0.3783,0.6217,"0","0",6,12,0
0.1669,0.8331,"0","0",9,18,0
0.2443,0.7557,"0","1",9,17,1
0.1996,0.8004,"0","0",9,18,0
0.3329,0.6671,"0","0",7,14,0
0.2218,0.7782,"0","0",9,17,0
0.4597,0.5403,"0","0",4,8,0
0.5625,0.4375,"1","0",2,3,0
0.2865,0.7135,"0","0",8,16,0
0.5263,0.4737,"1","1",3,5,1
0.36,0.64,"0","0",7,13,0
0.5893,0.4107,"1","1",2,3,1
0.5278,0.4722,"1","0",3,5,0
0.2431,0.7569,"0","0",9,17,0
0.1472,0.8528,"0","0",10,19,0
0,1,"0","0",10,20,0
0.2063,0.7937,"0","0",9,18,0
0.4654,0.5346,"0","0",4,7,0
0.433,0.567,"0","1",5,9,1
0.5652,0.4348,"1","0",2,3,0
0.2336,0.7664,"0","0",9,17,0
0.4289,0.5711,"0","0",5,9,0
0.3227,0.6773,"0","0",7,14,0
0.2694,0.7306,"0","0",8,16,0
0.5883,0.4117,"1","1",2,3,1
0.332,0.668,"0","0",7,14,0
0.3805,0.6195,"0","0",6,12,0
0.5037,0.4963,"1","0",3,6,0
0.2684,0.7316,"0","0",8,16,0
0.3699,0.6301,"0","1",6,12,1
0.3966,0.6034,"0","0",6,11,0
0.4592,0.5408,"0","0",4,8,0
0.5301,0.4699,"1","0",3,5,0
0,1,"0","0",10,20,0
0.5513,0.4487,"1","1",2,4,1
0.4118,0.5882,"0","0",5,10,0
0.5069,0.4931,"1","1",3,6,1
0.4471,0.5529,"0","0",4,8,0
0.5475,0.4525,"1","1",2,4,1
0.2209,0.7791,"0","0",9,17,0
0.2532,0.7468,"0","1",8,16,1
0.4334,0.5666,"0","0",5,9,0
0.2492,0.7508,"0","0",9,17,0
0.17,0.83,"0","0",9,18,0
0.447,0.553,"0","1",4,8,1
0.5781,0.4219,"1","0",2,3,0
0.4945,0.5055,"0","0",3,6,0
0.4215,0.5785,"0","1",5,9,1
0.4634,0.5366,"0","1",4,7,1
0.5061,0.4939,"1","1",3,6,1
0.5159,0.4841,"1","1",3,5,1
0,1,"0","0",10,20,0
0.5761,0.4239,"1","1",2,3,1
0.4166,0.5834,"0","0",5,10,0
0.461,0.539,"0","0",4,8,0
0.1564,0.8436,"0","0",10,19,0
0.4929,0.5071,"0","1",3,6,1
0.2551,0.7449,"0","0",8,16,0
0.5805,0.4195,"1","1",2,3,1
0.5105,0.4895,"1","0",3,5,0
0.4676,0.5324,"0","0",4,7,0
0.4431,0.5569,"0","0",4,8,0
0.2351,0.7649,"0","1",9,17,1
0.4272,0.5728,"0","0",5,9,0
0.2367,0.7633,"0","0",9,17,0
0.1682,0.8318,"0","0",9,18,0
0.4299,0.5701,"0","1",5,9,1
0.2266,0.7734,"0","0",9,17,0
0.4689,0.5311,"0","1",4,7,1
0.0442,0.9558,"0","0",10,20,0
0.3545,0.6455,"0","0",7,13,0
0.3059,0.6941,"0","0",8,15,0
0.2693,0.7307,"0","0",8,16,0
0.4491,0.5509,"0","0",4,8,0
0.2734,0.7266,"0","0",8,16,0
0.3949,0.6051,"0","0",6,11,0
0.3906,0.6094,"0","0",6,11,0
0.0844,0.9156,"0","0",10,20,0
0.3716,0.6284,"0","1",6,12,1
0.2462,0.7538,"0","0",9,17,0
0.4943,0.5057,"0","0",3,6,0
0.5101,0.4899,"1","1",3,5,1
0.5814,0.4186,"1","1",2,3,1
0.4063,0.5937,"0","0",5,10,0
0.5994,0.4006,"1","1",1,2,1
0.125,0.875,"0","0",10,19,0
0.4973,0.5027,"0","1",3,6,1
0.6309,0.3691,"1","0",1,2,0
0.2215,0.7785,"0","0",9,17,0
0.6082,0.3918,"1","1",1,2,1
0.1754,0.8246,"0","0",9,18,0
0.2568,0.7432,"0","0",8,16,0
0.2928,0.7072,"0","0",8,15,0
0,1,"0","0",10,20,0
0.2519,0.7481,"0","1",9,17,1
0.086,0.914,"0","0",10,20,0
0.3088,0.6912,"0","0",8,15,0
0.2585,0.7415,"0","0",8,16,0
0.3216,0.6784,"0","1",7,14,1
0.3262,0.6738,"0","1",7,14,1
0.1994,0.8006,"0","0",9,18,0
0.2445,0.7555,"0","0",9,17,0
0.3148,0.6852,"0","0",8,15,0
0.0926,0.9074,"0","0",10,19,0
0.2934,0.7066,"0","0",8,15,0
0.5758,0.4242,"1","0",2,3,0
0.3341,0.6659,"0","1",7,14,1
0.5082,0.4918,"1","1",3,5,1
0,1,"0","0",10,20,0
0.5376,0.4624,"1","1",2,4,1
0.435,0.565,"0","0",5,9,0
0.3362,0.6638,"0","0",7,14,0
0.1942,0.8058,"0","0",9,18,0
0,1,"0","0",10,20,0
0.4514,0.5486,"0","0",4,8,0
0.2577,0.7423,"0","0",8,16,0
0.4167,0.5833,"0","0",5,10,0
0.466,0.534,"0","1",4,7,1
0.5347,0.4653,"1","1",2,4,1
0.2667,0.7333,"0","0",8,16,0
0.1514,0.8486,"0","0",10,19,0
0.3643,0.6357,"0","0",7,13,0
0.3069,0.6931,"0","0",8,15,0
0.4438,0.5562,"0","0",4,8,0
0.2869,0.7131,"0","0",8,16,0
0.3018,0.6982,"0","0",8,15,0
0.2759,0.7241,"0","0",8,16,0
0.222,0.778,"0","0",9,17,0
0.3508,0.6492,"0","0",7,13,0
0.165,0.835,"0","0",10,19,0
